"File","Status","Reason"
"C:/Users/Hatemi/Desktop/emlak düzenlemeleri için uygulama/emlak-studiom v7-0/.gitignore","DOKUNMA","HTML dosyaları (app.html vb.) tarafından doğrudan çağrılıyor"
"C:/Users/Hatemi/Desktop/emlak düzenlemeleri için uygulama/emlak-studiom v7-0/add_first_log.py","DOKUNMA","HTML dosyaları (app.html vb.) tarafından doğrudan çağrılıyor"
"C:/Users/Hatemi/Desktop/emlak düzenlemeleri için uygulama/emlak-studiom v7-0/add_log.py","DOKUNMA","HTML dosyaları (app.html vb.) tarafından doğrudan çağrılıyor"
"C:/Users/Hatemi/Desktop/emlak düzenlemeleri için uygulama/emlak-studiom v7-0/add_logs.py","DOKUNMA","HTML dosyaları (app.html vb.) tarafından doğrudan çağrılıyor"
"C:/Users/Hatemi/Desktop/emlak düzenlemeleri için uygulama/emlak-studiom v7-0/add_log_start.py","DOKUNMA","HTML dosyaları (app.html vb.) tarafından doğrudan çağrılıyor"
"C:/Users/Hatemi/Desktop/emlak düzenlemeleri için uygulama/emlak-studiom v7-0/add_pointer_events.py","DOKUNMA","HTML dosyaları (app.html vb.) tarafından doğrudan çağrılıyor"
"C:/Users/Hatemi/Desktop/emlak düzenlemeleri için uygulama/emlak-studiom v7-0/admin.html","DOKUNMA","HTML dosyaları (app.html vb.) tarafından doğrudan çağrılıyor"
"C:/Users/Hatemi/Desktop/emlak düzenlemeleri için uygulama/emlak-studiom v7-0/all_files.txt","DOKUNMA","HTML dosyaları (app.html vb.) tarafından doğrudan çağrılıyor"
"C:/Users/Hatemi/Desktop/emlak düzenlemeleri için uygulama/emlak-studiom v7-0/analyze_diff.py","BEKLET","Geliştirme/Yedek/Test dosyası (isminde System.Collections.Hashtable[1] geçiyor)"
"C:/Users/Hatemi/Desktop/emlak düzenlemeleri için uygulama/emlak-studiom v7-0/analyze_garble.py","BEKLET","Geliştirme/Yedek/Test dosyası (isminde System.Collections.Hashtable[1] geçiyor)"
"C:/Users/Hatemi/Desktop/emlak düzenlemeleri için uygulama/emlak-studiom v7-0/app.html","DOKUNMA","HTML dosyaları (app.html vb.) tarafından doğrudan çağrılıyor"
"C:/Users/Hatemi/Desktop/emlak düzenlemeleri için uygulama/emlak-studiom v7-0/apply_drag_scroll.py","DOKUNMA","HTML dosyaları (app.html vb.) tarafından doğrudan çağrılıyor"
"C:/Users/Hatemi/Desktop/emlak düzenlemeleri için uygulama/emlak-studiom v7-0/apply_fixes.py","BEKLET","Geliştirme/Yedek/Test dosyası (isminde System.Collections.Hashtable[1] geçiyor)"
"C:/Users/Hatemi/Desktop/emlak düzenlemeleri için uygulama/emlak-studiom v7-0/apply_layers.py","DOKUNMA","HTML dosyaları (app.html vb.) tarafından doğrudan çağrılıyor"
"C:/Users/Hatemi/Desktop/emlak düzenlemeleri için uygulama/emlak-studiom v7-0/apply_layers_raw.txt","DOKUNMA","HTML dosyaları (app.html vb.) tarafından doğrudan çağrılıyor"
"C:/Users/Hatemi/Desktop/emlak düzenlemeleri için uygulama/emlak-studiom v7-0/apply_scroll_wrapper.py","DOKUNMA","HTML dosyaları (app.html vb.) tarafından doğrudan çağrılıyor"
"C:/Users/Hatemi/Desktop/emlak düzenlemeleri için uygulama/emlak-studiom v7-0/apply_ui_core.py","DOKUNMA","HTML dosyaları (app.html vb.) tarafından doğrudan çağrılıyor"
"C:/Users/Hatemi/Desktop/emlak düzenlemeleri için uygulama/emlak-studiom v7-0/app_git.html","DOKUNMA","HTML dosyaları (app.html vb.) tarafından doğrudan çağrılıyor"
"C:/Users/Hatemi/Desktop/emlak düzenlemeleri için uygulama/emlak-studiom v7-0/brace_check.js","DOKUNMA","HTML dosyaları (app.html vb.) tarafından doğrudan çağrılıyor"
"C:/Users/Hatemi/Desktop/emlak düzenlemeleri için uygulama/emlak-studiom v7-0/build_layers.py","DOKUNMA","HTML dosyaları (app.html vb.) tarafından doğrudan çağrılıyor"
"C:/Users/Hatemi/Desktop/emlak düzenlemeleri için uygulama/emlak-studiom v7-0/build_layers_clean.py","DOKUNMA","HTML dosyaları (app.html vb.) tarafından doğrudan çağrılıyor"
"C:/Users/Hatemi/Desktop/emlak düzenlemeleri için uygulama/emlak-studiom v7-0/bypass_cache.py","DOKUNMA","HTML dosyaları (app.html vb.) tarafından doğrudan çağrılıyor"
"C:/Users/Hatemi/Desktop/emlak düzenlemeleri için uygulama/emlak-studiom v7-0/callout_analysis_report.json","DOKUNMA","HTML dosyaları (app.html vb.) tarafından doğrudan çağrılıyor"
"C:/Users/Hatemi/Desktop/emlak düzenlemeleri için uygulama/emlak-studiom v7-0/check_cors.py","DOKUNMA","HTML dosyaları (app.html vb.) tarafından doğrudan çağrılıyor"
"C:/Users/Hatemi/Desktop/emlak düzenlemeleri için uygulama/emlak-studiom v7-0/check_cors2.py","DOKUNMA","HTML dosyaları (app.html vb.) tarafından doğrudan çağrılıyor"
"C:/Users/Hatemi/Desktop/emlak düzenlemeleri için uygulama/emlak-studiom v7-0/check_export.py","DOKUNMA","HTML dosyaları (app.html vb.) tarafından doğrudan çağrılıyor"
"C:/Users/Hatemi/Desktop/emlak düzenlemeleri için uygulama/emlak-studiom v7-0/check_export2.py","DOKUNMA","HTML dosyaları (app.html vb.) tarafından doğrudan çağrılıyor"
"C:/Users/Hatemi/Desktop/emlak düzenlemeleri için uygulama/emlak-studiom v7-0/check_luks.py","DOKUNMA","HTML dosyaları (app.html vb.) tarafından doğrudan çağrılıyor"
"C:/Users/Hatemi/Desktop/emlak düzenlemeleri için uygulama/emlak-studiom v7-0/check_n.py","DOKUNMA","HTML dosyaları (app.html vb.) tarafından doğrudan çağrılıyor"
"C:/Users/Hatemi/Desktop/emlak düzenlemeleri için uygulama/emlak-studiom v7-0/check_syntax2.js","DOKUNMA","HTML dosyaları (app.html vb.) tarafından doğrudan çağrılıyor"
"C:/Users/Hatemi/Desktop/emlak düzenlemeleri için uygulama/emlak-studiom v7-0/clean_export.js","DOKUNMA","HTML dosyaları (app.html vb.) tarafından doğrudan çağrılıyor"
"C:/Users/Hatemi/Desktop/emlak düzenlemeleri için uygulama/emlak-studiom v7-0/config.js","DOKUNMA","HTML dosyaları (app.html vb.) tarafından doğrudan çağrılıyor"
"C:/Users/Hatemi/Desktop/emlak düzenlemeleri için uygulama/emlak-studiom v7-0/core.js","DOKUNMA","HTML dosyaları (app.html vb.) tarafından doğrudan çağrılıyor"
"C:/Users/Hatemi/Desktop/emlak düzenlemeleri için uygulama/emlak-studiom v7-0/count_braces.js","DOKUNMA","HTML dosyaları (app.html vb.) tarafından doğrudan çağrılıyor"
"C:/Users/Hatemi/Desktop/emlak düzenlemeleri için uygulama/emlak-studiom v7-0/create_template.py","BEKLET","Geliştirme/Yedek/Test dosyası (isminde System.Collections.Hashtable[1] geçiyor)"
"C:/Users/Hatemi/Desktop/emlak düzenlemeleri için uygulama/emlak-studiom v7-0/diff.txt","DOKUNMA","HTML dosyaları (app.html vb.) tarafından doğrudan çağrılıyor"
"C:/Users/Hatemi/Desktop/emlak düzenlemeleri için uygulama/emlak-studiom v7-0/diff_app.py","DOKUNMA","HTML dosyaları (app.html vb.) tarafından doğrudan çağrılıyor"
"C:/Users/Hatemi/Desktop/emlak düzenlemeleri için uygulama/emlak-studiom v7-0/diff_app.txt","DOKUNMA","HTML dosyaları (app.html vb.) tarafından doğrudan çağrılıyor"
"C:/Users/Hatemi/Desktop/emlak düzenlemeleri için uygulama/emlak-studiom v7-0/diff_app_html.txt","DOKUNMA","HTML dosyaları (app.html vb.) tarafından doğrudan çağrılıyor"
"C:/Users/Hatemi/Desktop/emlak düzenlemeleri için uygulama/emlak-studiom v7-0/diff_canvascore.txt","DOKUNMA","HTML dosyaları (app.html vb.) tarafından doğrudan çağrılıyor"
"C:/Users/Hatemi/Desktop/emlak düzenlemeleri için uygulama/emlak-studiom v7-0/diff_check.py","DOKUNMA","HTML dosyaları (app.html vb.) tarafından doğrudan çağrılıyor"
"C:/Users/Hatemi/Desktop/emlak düzenlemeleri için uygulama/emlak-studiom v7-0/diff_core.txt","DOKUNMA","HTML dosyaları (app.html vb.) tarafından doğrudan çağrılıyor"
"C:/Users/Hatemi/Desktop/emlak düzenlemeleri için uygulama/emlak-studiom v7-0/diff_core_new.txt","DOKUNMA","HTML dosyaları (app.html vb.) tarafından doğrudan çağrılıyor"
"C:/Users/Hatemi/Desktop/emlak düzenlemeleri için uygulama/emlak-studiom v7-0/diff_elit.py","DOKUNMA","HTML dosyaları (app.html vb.) tarafından doğrudan çağrılıyor"
"C:/Users/Hatemi/Desktop/emlak düzenlemeleri için uygulama/emlak-studiom v7-0/diff_elit.txt","DOKUNMA","HTML dosyaları (app.html vb.) tarafından doğrudan çağrılıyor"
"C:/Users/Hatemi/Desktop/emlak düzenlemeleri için uygulama/emlak-studiom v7-0/diff_events.txt","DOKUNMA","HTML dosyaları (app.html vb.) tarafından doğrudan çağrılıyor"
"C:/Users/Hatemi/Desktop/emlak düzenlemeleri için uygulama/emlak-studiom v7-0/diff_events_clean.txt","DOKUNMA","HTML dosyaları (app.html vb.) tarafından doğrudan çağrılıyor"
"C:/Users/Hatemi/Desktop/emlak düzenlemeleri için uygulama/emlak-studiom v7-0/diff_events_w.txt","DOKUNMA","HTML dosyaları (app.html vb.) tarafından doğrudan çağrılıyor"
"C:/Users/Hatemi/Desktop/emlak düzenlemeleri için uygulama/emlak-studiom v7-0/diff_export.txt","DOKUNMA","HTML dosyaları (app.html vb.) tarafından doğrudan çağrılıyor"
"C:/Users/Hatemi/Desktop/emlak düzenlemeleri için uygulama/emlak-studiom v7-0/diff_export_15v7.txt","DOKUNMA","HTML dosyaları (app.html vb.) tarafından doğrudan çağrılıyor"
"C:/Users/Hatemi/Desktop/emlak düzenlemeleri için uygulama/emlak-studiom v7-0/diff_export_backup.txt","BEKLET","Geliştirme/Yedek/Test dosyası (isminde System.Collections.Hashtable[1] geçiyor)"
"C:/Users/Hatemi/Desktop/emlak düzenlemeleri için uygulama/emlak-studiom v7-0/diff_export_py.txt","DOKUNMA","HTML dosyaları (app.html vb.) tarafından doğrudan çağrılıyor"
"C:/Users/Hatemi/Desktop/emlak düzenlemeleri için uygulama/emlak-studiom v7-0/diff_export_safe.txt","DOKUNMA","HTML dosyaları (app.html vb.) tarafından doğrudan çağrılıyor"
"C:/Users/Hatemi/Desktop/emlak düzenlemeleri için uygulama/emlak-studiom v7-0/diff_export_safe2.txt","DOKUNMA","HTML dosyaları (app.html vb.) tarafından doğrudan çağrılıyor"
"C:/Users/Hatemi/Desktop/emlak düzenlemeleri için uygulama/emlak-studiom v7-0/diff_main.txt","DOKUNMA","HTML dosyaları (app.html vb.) tarafından doğrudan çağrılıyor"
"C:/Users/Hatemi/Desktop/emlak düzenlemeleri için uygulama/emlak-studiom v7-0/diff_main_clean.txt","DOKUNMA","HTML dosyaları (app.html vb.) tarafından doğrudan çağrılıyor"
"C:/Users/Hatemi/Desktop/emlak düzenlemeleri için uygulama/emlak-studiom v7-0/diff_main_new.txt","DOKUNMA","HTML dosyaları (app.html vb.) tarafından doğrudan çağrılıyor"
"C:/Users/Hatemi/Desktop/emlak düzenlemeleri için uygulama/emlak-studiom v7-0/diff_main_w.txt","DOKUNMA","HTML dosyaları (app.html vb.) tarafından doğrudan çağrılıyor"
"C:/Users/Hatemi/Desktop/emlak düzenlemeleri için uygulama/emlak-studiom v7-0/diff_photo.py","DOKUNMA","HTML dosyaları (app.html vb.) tarafından doğrudan çağrılıyor"
"C:/Users/Hatemi/Desktop/emlak düzenlemeleri için uygulama/emlak-studiom v7-0/diff_photo.txt","DOKUNMA","HTML dosyaları (app.html vb.) tarafından doğrudan çağrılıyor"
"C:/Users/Hatemi/Desktop/emlak düzenlemeleri için uygulama/emlak-studiom v7-0/diff_photozoom.py","DOKUNMA","HTML dosyaları (app.html vb.) tarafından doğrudan çağrılıyor"
"C:/Users/Hatemi/Desktop/emlak düzenlemeleri için uygulama/emlak-studiom v7-0/diff_photozoom.txt","DOKUNMA","HTML dosyaları (app.html vb.) tarafından doğrudan çağrılıyor"
"C:/Users/Hatemi/Desktop/emlak düzenlemeleri için uygulama/emlak-studiom v7-0/diff_script.py","DOKUNMA","HTML dosyaları (app.html vb.) tarafından doğrudan çağrılıyor"
"C:/Users/Hatemi/Desktop/emlak düzenlemeleri için uygulama/emlak-studiom v7-0/diff_styles.txt","DOKUNMA","HTML dosyaları (app.html vb.) tarafından doğrudan çağrılıyor"
"C:/Users/Hatemi/Desktop/emlak düzenlemeleri için uygulama/emlak-studiom v7-0/diff_styles_clean.txt","DOKUNMA","HTML dosyaları (app.html vb.) tarafından doğrudan çağrılıyor"
"C:/Users/Hatemi/Desktop/emlak düzenlemeleri için uygulama/emlak-studiom v7-0/diff_styles_w.txt","DOKUNMA","HTML dosyaları (app.html vb.) tarafından doğrudan çağrılıyor"
"C:/Users/Hatemi/Desktop/emlak düzenlemeleri için uygulama/emlak-studiom v7-0/diff_ui-core.txt","DOKUNMA","HTML dosyaları (app.html vb.) tarafından doğrudan çağrılıyor"
"C:/Users/Hatemi/Desktop/emlak düzenlemeleri için uygulama/emlak-studiom v7-0/diff_ui-core_clean.txt","DOKUNMA","HTML dosyaları (app.html vb.) tarafından doğrudan çağrılıyor"
"C:/Users/Hatemi/Desktop/emlak düzenlemeleri için uygulama/emlak-studiom v7-0/diff_ui-core_w.txt","DOKUNMA","HTML dosyaları (app.html vb.) tarafından doğrudan çağrılıyor"
"C:/Users/Hatemi/Desktop/emlak düzenlemeleri için uygulama/emlak-studiom v7-0/disable_swipe.py","DOKUNMA","HTML dosyaları (app.html vb.) tarafından doğrudan çağrılıyor"
"C:/Users/Hatemi/Desktop/emlak düzenlemeleri için uygulama/emlak-studiom v7-0/dump.py","BEKLET","Geliştirme/Yedek/Test dosyası (isminde System.Collections.Hashtable[1] geçiyor)"
"C:/Users/Hatemi/Desktop/emlak düzenlemeleri için uygulama/emlak-studiom v7-0/dump.txt","BEKLET","Geliştirme/Yedek/Test dosyası (isminde System.Collections.Hashtable[1] geçiyor)"
"C:/Users/Hatemi/Desktop/emlak düzenlemeleri için uygulama/emlak-studiom v7-0/dump2.py","BEKLET","Geliştirme/Yedek/Test dosyası (isminde System.Collections.Hashtable[1] geçiyor)"
"C:/Users/Hatemi/Desktop/emlak düzenlemeleri için uygulama/emlak-studiom v7-0/dump3.py","BEKLET","Geliştirme/Yedek/Test dosyası (isminde System.Collections.Hashtable[1] geçiyor)"
"C:/Users/Hatemi/Desktop/emlak düzenlemeleri için uygulama/emlak-studiom v7-0/export-v15.js","BEKLET","Geliştirme/Yedek/Test dosyası (isminde System.Collections.Hashtable[1] geçiyor)"
"C:/Users/Hatemi/Desktop/emlak düzenlemeleri için uygulama/emlak-studiom v7-0/export_backup.js","BEKLET","Geliştirme/Yedek/Test dosyası (isminde System.Collections.Hashtable[1] geçiyor)"
"C:/Users/Hatemi/Desktop/emlak düzenlemeleri için uygulama/emlak-studiom v7-0/export_v8_backup.js","BEKLET","Geliştirme/Yedek/Test dosyası (isminde System.Collections.Hashtable[1] geçiyor)"
"C:/Users/Hatemi/Desktop/emlak düzenlemeleri için uygulama/emlak-studiom v7-0/extract_raw.py","DOKUNMA","HTML dosyaları (app.html vb.) tarafından doğrudan çağrılıyor"
"C:/Users/Hatemi/Desktop/emlak düzenlemeleri için uygulama/emlak-studiom v7-0/extract_script.py","DOKUNMA","HTML dosyaları (app.html vb.) tarafından doğrudan çağrılıyor"
"C:/Users/Hatemi/Desktop/emlak düzenlemeleri için uygulama/emlak-studiom v7-0/extract_true_raw.py","DOKUNMA","HTML dosyaları (app.html vb.) tarafından doğrudan çağrılıyor"
"C:/Users/Hatemi/Desktop/emlak düzenlemeleri için uygulama/emlak-studiom v7-0/final_fix.py","BEKLET","Geliştirme/Yedek/Test dosyası (isminde System.Collections.Hashtable[1] geçiyor)"
"C:/Users/Hatemi/Desktop/emlak düzenlemeleri için uygulama/emlak-studiom v7-0/fixed_diff_events.txt","BEKLET","Geliştirme/Yedek/Test dosyası (isminde System.Collections.Hashtable[1] geçiyor)"
"C:/Users/Hatemi/Desktop/emlak düzenlemeleri için uygulama/emlak-studiom v7-0/fixed_diff_main.txt","BEKLET","Geliştirme/Yedek/Test dosyası (isminde System.Collections.Hashtable[1] geçiyor)"
"C:/Users/Hatemi/Desktop/emlak düzenlemeleri için uygulama/emlak-studiom v7-0/fixed_diff_styles.txt","BEKLET","Geliştirme/Yedek/Test dosyası (isminde System.Collections.Hashtable[1] geçiyor)"
"C:/Users/Hatemi/Desktop/emlak düzenlemeleri için uygulama/emlak-studiom v7-0/fixed_diff_ui-core.txt","BEKLET","Geliştirme/Yedek/Test dosyası (isminde System.Collections.Hashtable[1] geçiyor)"
"C:/Users/Hatemi/Desktop/emlak düzenlemeleri için uygulama/emlak-studiom v7-0/fix_app_buttons.py","BEKLET","Geliştirme/Yedek/Test dosyası (isminde System.Collections.Hashtable[1] geçiyor)"
"C:/Users/Hatemi/Desktop/emlak düzenlemeleri için uygulama/emlak-studiom v7-0/fix_app_clean.py","BEKLET","Geliştirme/Yedek/Test dosyası (isminde System.Collections.Hashtable[1] geçiyor)"
"C:/Users/Hatemi/Desktop/emlak düzenlemeleri için uygulama/emlak-studiom v7-0/fix_brace.js","BEKLET","Geliştirme/Yedek/Test dosyası (isminde System.Collections.Hashtable[1] geçiyor)"
"C:/Users/Hatemi/Desktop/emlak düzenlemeleri için uygulama/emlak-studiom v7-0/fix_cancel.py","BEKLET","Geliştirme/Yedek/Test dosyası (isminde System.Collections.Hashtable[1] geçiyor)"
"C:/Users/Hatemi/Desktop/emlak düzenlemeleri için uygulama/emlak-studiom v7-0/fix_css.py","BEKLET","Geliştirme/Yedek/Test dosyası (isminde System.Collections.Hashtable[1] geçiyor)"
"C:/Users/Hatemi/Desktop/emlak düzenlemeleri için uygulama/emlak-studiom v7-0/fix_diffs.py","BEKLET","Geliştirme/Yedek/Test dosyası (isminde System.Collections.Hashtable[1] geçiyor)"
"C:/Users/Hatemi/Desktop/emlak düzenlemeleri için uygulama/emlak-studiom v7-0/fix_drag_scroll.py","BEKLET","Geliştirme/Yedek/Test dosyası (isminde System.Collections.Hashtable[1] geçiyor)"
"C:/Users/Hatemi/Desktop/emlak düzenlemeleri için uygulama/emlak-studiom v7-0/fix_draw_clean.py","BEKLET","Geliştirme/Yedek/Test dosyası (isminde System.Collections.Hashtable[1] geçiyor)"
"C:/Users/Hatemi/Desktop/emlak düzenlemeleri için uygulama/emlak-studiom v7-0/fix_duplicate.js","BEKLET","Geliştirme/Yedek/Test dosyası (isminde System.Collections.Hashtable[1] geçiyor)"
"C:/Users/Hatemi/Desktop/emlak düzenlemeleri için uygulama/emlak-studiom v7-0/fix_duplicate.py","BEKLET","Geliştirme/Yedek/Test dosyası (isminde System.Collections.Hashtable[1] geçiyor)"
"C:/Users/Hatemi/Desktop/emlak düzenlemeleri için uygulama/emlak-studiom v7-0/fix_encoding.py","BEKLET","Geliştirme/Yedek/Test dosyası (isminde System.Collections.Hashtable[1] geçiyor)"
"C:/Users/Hatemi/Desktop/emlak düzenlemeleri için uygulama/emlak-studiom v7-0/fix_feats.js","BEKLET","Geliştirme/Yedek/Test dosyası (isminde System.Collections.Hashtable[1] geçiyor)"
"C:/Users/Hatemi/Desktop/emlak düzenlemeleri için uygulama/emlak-studiom v7-0/fix_feats2.js","BEKLET","Geliştirme/Yedek/Test dosyası (isminde System.Collections.Hashtable[1] geçiyor)"
"C:/Users/Hatemi/Desktop/emlak düzenlemeleri için uygulama/emlak-studiom v7-0/fix_feats3.js","BEKLET","Geliştirme/Yedek/Test dosyası (isminde System.Collections.Hashtable[1] geçiyor)"
"C:/Users/Hatemi/Desktop/emlak düzenlemeleri için uygulama/emlak-studiom v7-0/fix_fill_mode.py","BEKLET","Geliştirme/Yedek/Test dosyası (isminde System.Collections.Hashtable[1] geçiyor)"
"C:/Users/Hatemi/Desktop/emlak düzenlemeleri için uygulama/emlak-studiom v7-0/fix_final.js","BEKLET","Geliştirme/Yedek/Test dosyası (isminde System.Collections.Hashtable[1] geçiyor)"
"C:/Users/Hatemi/Desktop/emlak düzenlemeleri için uygulama/emlak-studiom v7-0/fix_flash_and_scroll.py","BEKLET","Geliştirme/Yedek/Test dosyası (isminde System.Collections.Hashtable[1] geçiyor)"
"C:/Users/Hatemi/Desktop/emlak düzenlemeleri için uygulama/emlak-studiom v7-0/fix_floating_switch.py","BEKLET","Geliştirme/Yedek/Test dosyası (isminde System.Collections.Hashtable[1] geçiyor)"
"C:/Users/Hatemi/Desktop/emlak düzenlemeleri için uygulama/emlak-studiom v7-0/fix_html2canvas_offset.py","BEKLET","Geliştirme/Yedek/Test dosyası (isminde System.Collections.Hashtable[1] geçiyor)"
"C:/Users/Hatemi/Desktop/emlak düzenlemeleri için uygulama/emlak-studiom v7-0/fix_img.py","BEKLET","Geliştirme/Yedek/Test dosyası (isminde System.Collections.Hashtable[1] geçiyor)"
"C:/Users/Hatemi/Desktop/emlak düzenlemeleri için uygulama/emlak-studiom v7-0/fix_ios_scroll.py","BEKLET","Geliştirme/Yedek/Test dosyası (isminde System.Collections.Hashtable[1] geçiyor)"
"C:/Users/Hatemi/Desktop/emlak düzenlemeleri için uygulama/emlak-studiom v7-0/fix_js.js","BEKLET","Geliştirme/Yedek/Test dosyası (isminde System.Collections.Hashtable[1] geçiyor)"
"C:/Users/Hatemi/Desktop/emlak düzenlemeleri için uygulama/emlak-studiom v7-0/fix_l8.py","BEKLET","Geliştirme/Yedek/Test dosyası (isminde System.Collections.Hashtable[1] geçiyor)"
"C:/Users/Hatemi/Desktop/emlak düzenlemeleri için uygulama/emlak-studiom v7-0/fix_l8_regex.py","BEKLET","Geliştirme/Yedek/Test dosyası (isminde System.Collections.Hashtable[1] geçiyor)"
"C:/Users/Hatemi/Desktop/emlak düzenlemeleri için uygulama/emlak-studiom v7-0/fix_layers_clean.py","BEKLET","Geliştirme/Yedek/Test dosyası (isminde System.Collections.Hashtable[1] geçiyor)"
"C:/Users/Hatemi/Desktop/emlak düzenlemeleri için uygulama/emlak-studiom v7-0/fix_liveupdate.py","BEKLET","Geliştirme/Yedek/Test dosyası (isminde System.Collections.Hashtable[1] geçiyor)"
"C:/Users/Hatemi/Desktop/emlak düzenlemeleri için uygulama/emlak-studiom v7-0/fix_luks.js","BEKLET","Geliştirme/Yedek/Test dosyası (isminde System.Collections.Hashtable[1] geçiyor)"
"C:/Users/Hatemi/Desktop/emlak düzenlemeleri için uygulama/emlak-studiom v7-0/fix_n.py","BEKLET","Geliştirme/Yedek/Test dosyası (isminde System.Collections.Hashtable[1] geçiyor)"
"C:/Users/Hatemi/Desktop/emlak düzenlemeleri için uygulama/emlak-studiom v7-0/fix_offset2.py","BEKLET","Geliştirme/Yedek/Test dosyası (isminde System.Collections.Hashtable[1] geçiyor)"
"C:/Users/Hatemi/Desktop/emlak düzenlemeleri için uygulama/emlak-studiom v7-0/fix_out_anim.py","BEKLET","Geliştirme/Yedek/Test dosyası (isminde System.Collections.Hashtable[1] geçiyor)"
"C:/Users/Hatemi/Desktop/emlak düzenlemeleri için uygulama/emlak-studiom v7-0/fix_p8_width.js","BEKLET","Geliştirme/Yedek/Test dosyası (isminde System.Collections.Hashtable[1] geçiyor)"
"C:/Users/Hatemi/Desktop/emlak düzenlemeleri için uygulama/emlak-studiom v7-0/fix_panels.py","BEKLET","Geliştirme/Yedek/Test dosyası (isminde System.Collections.Hashtable[1] geçiyor)"
"C:/Users/Hatemi/Desktop/emlak düzenlemeleri için uygulama/emlak-studiom v7-0/fix_pass2_contains.py","BEKLET","Geliştirme/Yedek/Test dosyası (isminde System.Collections.Hashtable[1] geçiyor)"
"C:/Users/Hatemi/Desktop/emlak düzenlemeleri için uygulama/emlak-studiom v7-0/fix_photo_draw.py","BEKLET","Geliştirme/Yedek/Test dosyası (isminde System.Collections.Hashtable[1] geçiyor)"
"C:/Users/Hatemi/Desktop/emlak düzenlemeleri için uygulama/emlak-studiom v7-0/fix_pointer.js","BEKLET","Geliştirme/Yedek/Test dosyası (isminde System.Collections.Hashtable[1] geçiyor)"
"C:/Users/Hatemi/Desktop/emlak düzenlemeleri için uygulama/emlak-studiom v7-0/fix_polygon.py","BEKLET","Geliştirme/Yedek/Test dosyası (isminde System.Collections.Hashtable[1] geçiyor)"
"C:/Users/Hatemi/Desktop/emlak düzenlemeleri için uygulama/emlak-studiom v7-0/fix_sandwich.py","BEKLET","Geliştirme/Yedek/Test dosyası (isminde System.Collections.Hashtable[1] geçiyor)"
"C:/Users/Hatemi/Desktop/emlak düzenlemeleri için uygulama/emlak-studiom v7-0/fix_sandwich2.py","BEKLET","Geliştirme/Yedek/Test dosyası (isminde System.Collections.Hashtable[1] geçiyor)"
"C:/Users/Hatemi/Desktop/emlak düzenlemeleri için uygulama/emlak-studiom v7-0/fix_scroll_jump.py","BEKLET","Geliştirme/Yedek/Test dosyası (isminde System.Collections.Hashtable[1] geçiyor)"
"C:/Users/Hatemi/Desktop/emlak düzenlemeleri için uygulama/emlak-studiom v7-0/fix_slide_anim.py","BEKLET","Geliştirme/Yedek/Test dosyası (isminde System.Collections.Hashtable[1] geçiyor)"
"C:/Users/Hatemi/Desktop/emlak düzenlemeleri için uygulama/emlak-studiom v7-0/fix_syntax.js","BEKLET","Geliştirme/Yedek/Test dosyası (isminde System.Collections.Hashtable[1] geçiyor)"
"C:/Users/Hatemi/Desktop/emlak düzenlemeleri için uygulama/emlak-studiom v7-0/fix_syntax.py","BEKLET","Geliştirme/Yedek/Test dosyası (isminde System.Collections.Hashtable[1] geçiyor)"
"C:/Users/Hatemi/Desktop/emlak düzenlemeleri için uygulama/emlak-studiom v7-0/fix_syntax2.js","BEKLET","Geliştirme/Yedek/Test dosyası (isminde System.Collections.Hashtable[1] geçiyor)"
"C:/Users/Hatemi/Desktop/emlak düzenlemeleri için uygulama/emlak-studiom v7-0/fix_syntax3.js","BEKLET","Geliştirme/Yedek/Test dosyası (isminde System.Collections.Hashtable[1] geçiyor)"
"C:/Users/Hatemi/Desktop/emlak düzenlemeleri için uygulama/emlak-studiom v7-0/fix_syntax_again.py","BEKLET","Geliştirme/Yedek/Test dosyası (isminde System.Collections.Hashtable[1] geçiyor)"
"C:/Users/Hatemi/Desktop/emlak düzenlemeleri için uygulama/emlak-studiom v7-0/fix_top.py","BEKLET","Geliştirme/Yedek/Test dosyası (isminde System.Collections.Hashtable[1] geçiyor)"
"C:/Users/Hatemi/Desktop/emlak düzenlemeleri için uygulama/emlak-studiom v7-0/fix_transition.py","BEKLET","Geliştirme/Yedek/Test dosyası (isminde System.Collections.Hashtable[1] geçiyor)"
"C:/Users/Hatemi/Desktop/emlak düzenlemeleri için uygulama/emlak-studiom v7-0/format_sistemi_raporu.md","BEKLET","Dokümantasyon/Rapor dosyası"
"C:/Users/Hatemi/Desktop/emlak düzenlemeleri için uygulama/emlak-studiom v7-0/full_command.txt","DOKUNMA","HTML dosyaları (app.html vb.) tarafından doğrudan çağrılıyor"
"C:/Users/Hatemi/Desktop/emlak düzenlemeleri için uygulama/emlak-studiom v7-0/implementation_plan.md","BEKLET","Dokümantasyon/Rapor dosyası"
"C:/Users/Hatemi/Desktop/emlak düzenlemeleri için uygulama/emlak-studiom v7-0/implement_batch.py","DOKUNMA","HTML dosyaları (app.html vb.) tarafından doğrudan çağrılıyor"
"C:/Users/Hatemi/Desktop/emlak düzenlemeleri için uygulama/emlak-studiom v7-0/implement_sandwich.py","DOKUNMA","HTML dosyaları (app.html vb.) tarafından doğrudan çağrılıyor"
"C:/Users/Hatemi/Desktop/emlak düzenlemeleri için uygulama/emlak-studiom v7-0/index.html","DOKUNMA","HTML dosyaları (app.html vb.) tarafından doğrudan çağrılıyor"
"C:/Users/Hatemi/Desktop/emlak düzenlemeleri için uygulama/emlak-studiom v7-0/inject_batch_logs.py","DOKUNMA","HTML dosyaları (app.html vb.) tarafından doğrudan çağrılıyor"
"C:/Users/Hatemi/Desktop/emlak düzenlemeleri için uygulama/emlak-studiom v7-0/inject_debug.py","BEKLET","Geliştirme/Yedek/Test dosyası (isminde System.Collections.Hashtable[1] geçiyor)"
"C:/Users/Hatemi/Desktop/emlak düzenlemeleri için uygulama/emlak-studiom v7-0/inject_debug2.py","BEKLET","Geliştirme/Yedek/Test dosyası (isminde System.Collections.Hashtable[1] geçiyor)"
"C:/Users/Hatemi/Desktop/emlak düzenlemeleri için uygulama/emlak-studiom v7-0/inject_debug3.py","BEKLET","Geliştirme/Yedek/Test dosyası (isminde System.Collections.Hashtable[1] geçiyor)"
"C:/Users/Hatemi/Desktop/emlak düzenlemeleri için uygulama/emlak-studiom v7-0/inject_swap.py","DOKUNMA","HTML dosyaları (app.html vb.) tarafından doğrudan çağrılıyor"
"C:/Users/Hatemi/Desktop/emlak düzenlemeleri için uygulama/emlak-studiom v7-0/inventory_report.json","DOKUNMA","HTML dosyaları (app.html vb.) tarafından doğrudan çağrılıyor"
"C:/Users/Hatemi/Desktop/emlak düzenlemeleri için uygulama/emlak-studiom v7-0/layers_full_dump.js","BEKLET","Geliştirme/Yedek/Test dosyası (isminde System.Collections.Hashtable[1] geçiyor)"
"C:/Users/Hatemi/Desktop/emlak düzenlemeleri için uygulama/emlak-studiom v7-0/luks_correct_variations.txt","DOKUNMA","HTML dosyaları (app.html vb.) tarafından doğrudan çağrılıyor"
"C:/Users/Hatemi/Desktop/emlak düzenlemeleri için uygulama/emlak-studiom v7-0/luks_variations.json","DOKUNMA","HTML dosyaları (app.html vb.) tarafından doğrudan çağrılıyor"
"C:/Users/Hatemi/Desktop/emlak düzenlemeleri için uygulama/emlak-studiom v7-0/luks_variations_backup.txt","BEKLET","Geliştirme/Yedek/Test dosyası (isminde System.Collections.Hashtable[1] geçiyor)"
"C:/Users/Hatemi/Desktop/emlak düzenlemeleri için uygulama/emlak-studiom v7-0/main.js","DOKUNMA","HTML dosyaları (app.html vb.) tarafından doğrudan çağrılıyor"
"C:/Users/Hatemi/Desktop/emlak düzenlemeleri için uygulama/emlak-studiom v7-0/manifest.json","DOKUNMA","PWA / Uygulama konfigürasyon dosyası"
"C:/Users/Hatemi/Desktop/emlak düzenlemeleri için uygulama/emlak-studiom v7-0/modify_luks.py","DOKUNMA","HTML dosyaları (app.html vb.) tarafından doğrudan çağrılıyor"
"C:/Users/Hatemi/Desktop/emlak düzenlemeleri için uygulama/emlak-studiom v7-0/modify_luks2.py","DOKUNMA","HTML dosyaları (app.html vb.) tarafından doğrudan çağrılıyor"
"C:/Users/Hatemi/Desktop/emlak düzenlemeleri için uygulama/emlak-studiom v7-0/modify_minimal.py","DOKUNMA","HTML dosyaları (app.html vb.) tarafından doğrudan çağrılıyor"
"C:/Users/Hatemi/Desktop/emlak düzenlemeleri için uygulama/emlak-studiom v7-0/move_settings.py","DOKUNMA","HTML dosyaları (app.html vb.) tarafından doğrudan çağrılıyor"
"C:/Users/Hatemi/Desktop/emlak düzenlemeleri için uygulama/emlak-studiom v7-0/package-lock.json","DOKUNMA","PWA / Uygulama konfigürasyon dosyası"
"C:/Users/Hatemi/Desktop/emlak düzenlemeleri için uygulama/emlak-studiom v7-0/package.json","DOKUNMA","PWA / Uygulama konfigürasyon dosyası"
"C:/Users/Hatemi/Desktop/emlak düzenlemeleri için uygulama/emlak-studiom v7-0/patch.js","BEKLET","Geliştirme/Yedek/Test dosyası (isminde System.Collections.Hashtable[1] geçiyor)"
"C:/Users/Hatemi/Desktop/emlak düzenlemeleri için uygulama/emlak-studiom v7-0/patch.py","BEKLET","Geliştirme/Yedek/Test dosyası (isminde System.Collections.Hashtable[1] geçiyor)"
"C:/Users/Hatemi/Desktop/emlak düzenlemeleri için uygulama/emlak-studiom v7-0/patch2.py","BEKLET","Geliştirme/Yedek/Test dosyası (isminde System.Collections.Hashtable[1] geçiyor)"
"C:/Users/Hatemi/Desktop/emlak düzenlemeleri için uygulama/emlak-studiom v7-0/patch_app.py","BEKLET","Geliştirme/Yedek/Test dosyası (isminde System.Collections.Hashtable[1] geçiyor)"
"C:/Users/Hatemi/Desktop/emlak düzenlemeleri için uygulama/emlak-studiom v7-0/patch_app_v3.py","BEKLET","Geliştirme/Yedek/Test dosyası (isminde System.Collections.Hashtable[1] geçiyor)"
"C:/Users/Hatemi/Desktop/emlak düzenlemeleri için uygulama/emlak-studiom v7-0/patch_colors.py","BEKLET","Geliştirme/Yedek/Test dosyası (isminde System.Collections.Hashtable[1] geçiyor)"
"C:/Users/Hatemi/Desktop/emlak düzenlemeleri için uygulama/emlak-studiom v7-0/patch_css_aggressive.py","BEKLET","Geliştirme/Yedek/Test dosyası (isminde System.Collections.Hashtable[1] geçiyor)"
"C:/Users/Hatemi/Desktop/emlak düzenlemeleri için uygulama/emlak-studiom v7-0/patch_drag.py","BEKLET","Geliştirme/Yedek/Test dosyası (isminde System.Collections.Hashtable[1] geçiyor)"
"C:/Users/Hatemi/Desktop/emlak düzenlemeleri için uygulama/emlak-studiom v7-0/patch_drag_space.py","BEKLET","Geliştirme/Yedek/Test dosyası (isminde System.Collections.Hashtable[1] geçiyor)"
"C:/Users/Hatemi/Desktop/emlak düzenlemeleri için uygulama/emlak-studiom v7-0/patch_draw.py","BEKLET","Geliştirme/Yedek/Test dosyası (isminde System.Collections.Hashtable[1] geçiyor)"
"C:/Users/Hatemi/Desktop/emlak düzenlemeleri için uygulama/emlak-studiom v7-0/patch_draw2.py","BEKLET","Geliştirme/Yedek/Test dosyası (isminde System.Collections.Hashtable[1] geçiyor)"
"C:/Users/Hatemi/Desktop/emlak düzenlemeleri için uygulama/emlak-studiom v7-0/patch_draw3.py","BEKLET","Geliştirme/Yedek/Test dosyası (isminde System.Collections.Hashtable[1] geçiyor)"
"C:/Users/Hatemi/Desktop/emlak düzenlemeleri için uygulama/emlak-studiom v7-0/patch_events.py","BEKLET","Geliştirme/Yedek/Test dosyası (isminde System.Collections.Hashtable[1] geçiyor)"
"C:/Users/Hatemi/Desktop/emlak düzenlemeleri için uygulama/emlak-studiom v7-0/patch_events_floating.py","BEKLET","Geliştirme/Yedek/Test dosyası (isminde System.Collections.Hashtable[1] geçiyor)"
"C:/Users/Hatemi/Desktop/emlak düzenlemeleri için uygulama/emlak-studiom v7-0/patch_expand.py","BEKLET","Geliştirme/Yedek/Test dosyası (isminde System.Collections.Hashtable[1] geçiyor)"
"C:/Users/Hatemi/Desktop/emlak düzenlemeleri için uygulama/emlak-studiom v7-0/patch_export.py","BEKLET","Geliştirme/Yedek/Test dosyası (isminde System.Collections.Hashtable[1] geçiyor)"
"C:/Users/Hatemi/Desktop/emlak düzenlemeleri için uygulama/emlak-studiom v7-0/patch_export2.py","BEKLET","Geliştirme/Yedek/Test dosyası (isminde System.Collections.Hashtable[1] geçiyor)"
"C:/Users/Hatemi/Desktop/emlak düzenlemeleri için uygulama/emlak-studiom v7-0/patch_layers.py","BEKLET","Geliştirme/Yedek/Test dosyası (isminde System.Collections.Hashtable[1] geçiyor)"
"C:/Users/Hatemi/Desktop/emlak düzenlemeleri için uygulama/emlak-studiom v7-0/patch_overflow_padding.py","BEKLET","Geliştirme/Yedek/Test dosyası (isminde System.Collections.Hashtable[1] geçiyor)"
"C:/Users/Hatemi/Desktop/emlak düzenlemeleri için uygulama/emlak-studiom v7-0/patch_photozoom.py","BEKLET","Geliştirme/Yedek/Test dosyası (isminde System.Collections.Hashtable[1] geçiyor)"
"C:/Users/Hatemi/Desktop/emlak düzenlemeleri için uygulama/emlak-studiom v7-0/patch_resize.py","BEKLET","Geliştirme/Yedek/Test dosyası (isminde System.Collections.Hashtable[1] geçiyor)"
"C:/Users/Hatemi/Desktop/emlak düzenlemeleri için uygulama/emlak-studiom v7-0/patch_saveimage_filter.py","BEKLET","Geliştirme/Yedek/Test dosyası (isminde System.Collections.Hashtable[1] geçiyor)"
"C:/Users/Hatemi/Desktop/emlak düzenlemeleri için uygulama/emlak-studiom v7-0/patch_snap.py","BEKLET","Geliştirme/Yedek/Test dosyası (isminde System.Collections.Hashtable[1] geçiyor)"
"C:/Users/Hatemi/Desktop/emlak düzenlemeleri için uygulama/emlak-studiom v7-0/patch_snap_completely.py","BEKLET","Geliştirme/Yedek/Test dosyası (isminde System.Collections.Hashtable[1] geçiyor)"
"C:/Users/Hatemi/Desktop/emlak düzenlemeleri için uygulama/emlak-studiom v7-0/patch_snap_restore.py","BEKLET","Geliştirme/Yedek/Test dosyası (isminde System.Collections.Hashtable[1] geçiyor)"
"C:/Users/Hatemi/Desktop/emlak düzenlemeleri için uygulama/emlak-studiom v7-0/patch_styles.py","BEKLET","Geliştirme/Yedek/Test dosyası (isminde System.Collections.Hashtable[1] geçiyor)"
"C:/Users/Hatemi/Desktop/emlak düzenlemeleri için uygulama/emlak-studiom v7-0/pro_buttons.py","DOKUNMA","HTML dosyaları (app.html vb.) tarafından doğrudan çağrılıyor"
"C:/Users/Hatemi/Desktop/emlak düzenlemeleri için uygulama/emlak-studiom v7-0/pro_colors.js","DOKUNMA","HTML dosyaları (app.html vb.) tarafından doğrudan çağrılıyor"
"C:/Users/Hatemi/Desktop/emlak düzenlemeleri için uygulama/emlak-studiom v7-0/pro_css.py","DOKUNMA","HTML dosyaları (app.html vb.) tarafından doğrudan çağrılıyor"
"C:/Users/Hatemi/Desktop/emlak düzenlemeleri için uygulama/emlak-studiom v7-0/README.md","BEKLET","Dokümantasyon/Rapor dosyası"
"C:/Users/Hatemi/Desktop/emlak düzenlemeleri için uygulama/emlak-studiom v7-0/read_diffs.py","DOKUNMA","HTML dosyaları (app.html vb.) tarafından doğrudan çağrılıyor"
"C:/Users/Hatemi/Desktop/emlak düzenlemeleri için uygulama/emlak-studiom v7-0/rebuild_app.py","DOKUNMA","HTML dosyaları (app.html vb.) tarafından doğrudan çağrılıyor"
"C:/Users/Hatemi/Desktop/emlak düzenlemeleri için uygulama/emlak-studiom v7-0/remove_autodisable.py","DOKUNMA","HTML dosyaları (app.html vb.) tarafından doğrudan çağrılıyor"
"C:/Users/Hatemi/Desktop/emlak düzenlemeleri için uygulama/emlak-studiom v7-0/restore_backup.py","BEKLET","Geliştirme/Yedek/Test dosyası (isminde System.Collections.Hashtable[1] geçiyor)"
"C:/Users/Hatemi/Desktop/emlak düzenlemeleri için uygulama/emlak-studiom v7-0/restore_draw_logic.py","DOKUNMA","HTML dosyaları (app.html vb.) tarafından doğrudan çağrılıyor"
"C:/Users/Hatemi/Desktop/emlak düzenlemeleri için uygulama/emlak-studiom v7-0/restore_feats.js","DOKUNMA","HTML dosyaları (app.html vb.) tarafından doğrudan çağrılıyor"
"C:/Users/Hatemi/Desktop/emlak düzenlemeleri için uygulama/emlak-studiom v7-0/restore_layers.ps1","DOKUNMA","HTML dosyaları (app.html vb.) tarafından doğrudan çağrılıyor"
"C:/Users/Hatemi/Desktop/emlak düzenlemeleri için uygulama/emlak-studiom v7-0/rewrite_batch.py","DOKUNMA","HTML dosyaları (app.html vb.) tarafından doğrudan çağrılıyor"
"C:/Users/Hatemi/Desktop/emlak düzenlemeleri için uygulama/emlak-studiom v7-0/rewrite_batch2.py","DOKUNMA","HTML dosyaları (app.html vb.) tarafından doğrudan çağrılıyor"
"C:/Users/Hatemi/Desktop/emlak düzenlemeleri için uygulama/emlak-studiom v7-0/rewrite_clean.py","DOKUNMA","HTML dosyaları (app.html vb.) tarafından doğrudan çağrılıyor"
"C:/Users/Hatemi/Desktop/emlak düzenlemeleri için uygulama/emlak-studiom v7-0/rewrite_clean_final.py","DOKUNMA","HTML dosyaları (app.html vb.) tarafından doğrudan çağrılıyor"
"C:/Users/Hatemi/Desktop/emlak düzenlemeleri için uygulama/emlak-studiom v7-0/rewrite_clean_final_2.py","DOKUNMA","HTML dosyaları (app.html vb.) tarafından doğrudan çağrılıyor"
"C:/Users/Hatemi/Desktop/emlak düzenlemeleri için uygulama/emlak-studiom v7-0/rewrite_clean_final_3.py","DOKUNMA","HTML dosyaları (app.html vb.) tarafından doğrudan çağrılıyor"
"C:/Users/Hatemi/Desktop/emlak düzenlemeleri için uygulama/emlak-studiom v7-0/rewrite_debug2.py","BEKLET","Geliştirme/Yedek/Test dosyası (isminde System.Collections.Hashtable[1] geçiyor)"
"C:/Users/Hatemi/Desktop/emlak düzenlemeleri için uygulama/emlak-studiom v7-0/rewrite_export.js","DOKUNMA","HTML dosyaları (app.html vb.) tarafından doğrudan çağrılıyor"
"C:/Users/Hatemi/Desktop/emlak düzenlemeleri için uygulama/emlak-studiom v7-0/rewrite_export.py","DOKUNMA","HTML dosyaları (app.html vb.) tarafından doğrudan çağrılıyor"
"C:/Users/Hatemi/Desktop/emlak düzenlemeleri için uygulama/emlak-studiom v7-0/rewrite_export_fallback.py","DOKUNMA","HTML dosyaları (app.html vb.) tarafından doğrudan çağrılıyor"
"C:/Users/Hatemi/Desktop/emlak düzenlemeleri için uygulama/emlak-studiom v7-0/rewrite_logs.py","DOKUNMA","HTML dosyaları (app.html vb.) tarafından doğrudan çağrılıyor"
"C:/Users/Hatemi/Desktop/emlak düzenlemeleri için uygulama/emlak-studiom v7-0/rewrite_super_debug.py","BEKLET","Geliştirme/Yedek/Test dosyası (isminde System.Collections.Hashtable[1] geçiyor)"
"C:/Users/Hatemi/Desktop/emlak düzenlemeleri için uygulama/emlak-studiom v7-0/safe_cache.py","DOKUNMA","HTML dosyaları (app.html vb.) tarafından doğrudan çağrılıyor"
"C:/Users/Hatemi/Desktop/emlak düzenlemeleri için uygulama/emlak-studiom v7-0/safe_diff.py","DOKUNMA","HTML dosyaları (app.html vb.) tarafından doğrudan çağrılıyor"
"C:/Users/Hatemi/Desktop/emlak düzenlemeleri için uygulama/emlak-studiom v7-0/safe_diff2.py","DOKUNMA","HTML dosyaları (app.html vb.) tarafından doğrudan çağrılıyor"
"C:/Users/Hatemi/Desktop/emlak düzenlemeleri için uygulama/emlak-studiom v7-0/search_garbled.py","DOKUNMA","HTML dosyaları (app.html vb.) tarafından doğrudan çağrılıyor"
"C:/Users/Hatemi/Desktop/emlak düzenlemeleri için uygulama/emlak-studiom v7-0/search_garbled2.py","DOKUNMA","HTML dosyaları (app.html vb.) tarafından doğrudan çağrılıyor"
"C:/Users/Hatemi/Desktop/emlak düzenlemeleri için uygulama/emlak-studiom v7-0/split_export.js","DOKUNMA","HTML dosyaları (app.html vb.) tarafından doğrudan çağrılıyor"
"C:/Users/Hatemi/Desktop/emlak düzenlemeleri için uygulama/emlak-studiom v7-0/standardize.py","DOKUNMA","HTML dosyaları (app.html vb.) tarafından doğrudan çağrılıyor"
"C:/Users/Hatemi/Desktop/emlak düzenlemeleri için uygulama/emlak-studiom v7-0/standardize_kolaj.py","DOKUNMA","HTML dosyaları (app.html vb.) tarafından doğrudan çağrılıyor"
"C:/Users/Hatemi/Desktop/emlak düzenlemeleri için uygulama/emlak-studiom v7-0/standardize_v2.py","DOKUNMA","HTML dosyaları (app.html vb.) tarafından doğrudan çağrılıyor"
"C:/Users/Hatemi/Desktop/emlak düzenlemeleri için uygulama/emlak-studiom v7-0/structural_diff.txt","DOKUNMA","HTML dosyaları (app.html vb.) tarafından doğrudan çağrılıyor"
"C:/Users/Hatemi/Desktop/emlak düzenlemeleri için uygulama/emlak-studiom v7-0/styles.css","DOKUNMA","HTML dosyaları (app.html vb.) tarafından doğrudan çağrılıyor"
"C:/Users/Hatemi/Desktop/emlak düzenlemeleri için uygulama/emlak-studiom v7-0/sw.js","DOKUNMA","PWA / Uygulama konfigürasyon dosyası"
"C:/Users/Hatemi/Desktop/emlak düzenlemeleri için uygulama/emlak-studiom v7-0/temp_style.css.bak","BEKLET","Geliştirme/Yedek/Test dosyası (isminde System.Collections.Hashtable[1] geçiyor)"
"C:/Users/Hatemi/Desktop/emlak düzenlemeleri için uygulama/emlak-studiom v7-0/test.js","BEKLET","Geliştirme/Yedek/Test dosyası (isminde System.Collections.Hashtable[1] geçiyor)"
"C:/Users/Hatemi/Desktop/emlak düzenlemeleri için uygulama/emlak-studiom v7-0/test_math.py","BEKLET","Geliştirme/Yedek/Test dosyası (isminde System.Collections.Hashtable[1] geçiyor)"
"C:/Users/Hatemi/Desktop/emlak düzenlemeleri için uygulama/emlak-studiom v7-0/true_raw_apply_layers.py","DOKUNMA","HTML dosyaları (app.html vb.) tarafından doğrudan çağrılıyor"
"C:/Users/Hatemi/Desktop/emlak düzenlemeleri için uygulama/emlak-studiom v7-0/truncate.js","DOKUNMA","HTML dosyaları (app.html vb.) tarafından doğrudan çağrılıyor"
"C:/Users/Hatemi/Desktop/emlak düzenlemeleri için uygulama/emlak-studiom v7-0/update.js","DOKUNMA","HTML dosyaları (app.html vb.) tarafından doğrudan çağrılıyor"
"C:/Users/Hatemi/Desktop/emlak düzenlemeleri için uygulama/emlak-studiom v7-0/update_events.py","DOKUNMA","HTML dosyaları (app.html vb.) tarafından doğrudan çağrılıyor"
"C:/Users/Hatemi/Desktop/emlak düzenlemeleri için uygulama/emlak-studiom v7-0/update_export.js","DOKUNMA","HTML dosyaları (app.html vb.) tarafından doğrudan çağrılıyor"
"C:/Users/Hatemi/Desktop/emlak düzenlemeleri için uygulama/emlak-studiom v7-0/update_html.py","DOKUNMA","HTML dosyaları (app.html vb.) tarafından doğrudan çağrılıyor"
"C:/Users/Hatemi/Desktop/emlak düzenlemeleri için uygulama/emlak-studiom v7-0/update_html2.py","DOKUNMA","HTML dosyaları (app.html vb.) tarafından doğrudan çağrılıyor"
"C:/Users/Hatemi/Desktop/emlak düzenlemeleri için uygulama/emlak-studiom v7-0/update_injection.py","DOKUNMA","HTML dosyaları (app.html vb.) tarafından doğrudan çağrılıyor"
"C:/Users/Hatemi/Desktop/emlak düzenlemeleri için uygulama/emlak-studiom v7-0/update_logic.js","DOKUNMA","HTML dosyaları (app.html vb.) tarafından doğrudan çağrılıyor"
"C:/Users/Hatemi/Desktop/emlak düzenlemeleri için uygulama/emlak-studiom v7-0/update_touchend.py","DOKUNMA","HTML dosyaları (app.html vb.) tarafından doğrudan çağrılıyor"
"C:/Users/Hatemi/Desktop/emlak düzenlemeleri için uygulama/emlak-studiom v7-0/verify_bytes.py","DOKUNMA","HTML dosyaları (app.html vb.) tarafından doğrudan çağrılıyor"
"C:/Users/Hatemi/Desktop/emlak düzenlemeleri için uygulama/emlak-studiom v7-0/verify_draw.py","DOKUNMA","HTML dosyaları (app.html vb.) tarafından doğrudan çağrılıyor"
"C:/Users/Hatemi/Desktop/emlak düzenlemeleri için uygulama/emlak-studiom v7-0/view_draw.py","DOKUNMA","HTML dosyaları (app.html vb.) tarafından doğrudan çağrılıyor"
"C:/Users/Hatemi/Desktop/emlak düzenlemeleri için uygulama/emlak-studiom v7-0/view_draw2.py","DOKUNMA","HTML dosyaları (app.html vb.) tarafından doğrudan çağrılıyor"
"C:/Users/Hatemi/Desktop/emlak düzenlemeleri için uygulama/emlak-studiom v7-0/yeni_calloutlar.txt","DOKUNMA","HTML dosyaları (app.html vb.) tarafından doğrudan çağrılıyor"
"C:/Users/Hatemi/Desktop/emlak düzenlemeleri için uygulama/emlak-studiom v7-0/yeni_calloutlar2.txt","DOKUNMA","HTML dosyaları (app.html vb.) tarafından doğrudan çağrılıyor"
"C:/Users/Hatemi/Desktop/emlak düzenlemeleri için uygulama/emlak-studiom v7-0/assets/watermark-logo.png","DOKUNMA","Aktif kullanılan medya/asset"
"C:/Users/Hatemi/Desktop/emlak düzenlemeleri için uygulama/emlak-studiom v7-0/assets/logo/logo-full.png","DOKUNMA","Aktif kullanılan medya/asset"
"C:/Users/Hatemi/Desktop/emlak düzenlemeleri için uygulama/emlak-studiom v7-0/assets/logo/logo-icon.png","DOKUNMA","Aktif kullanılan medya/asset"
"C:/Users/Hatemi/Desktop/emlak düzenlemeleri için uygulama/emlak-studiom v7-0/assets/logo/logo.png","DOKUNMA","Aktif kullanılan medya/asset"
"C:/Users/Hatemi/Desktop/emlak düzenlemeleri için uygulama/emlak-studiom v7-0/core/drag.js","DOKUNMA","HTML dosyaları (app.html vb.) tarafından doğrudan çağrılıyor"
"C:/Users/Hatemi/Desktop/emlak düzenlemeleri için uygulama/emlak-studiom v7-0/core/README.md","BEKLET","Dokümantasyon/Rapor dosyası"
"C:/Users/Hatemi/Desktop/emlak düzenlemeleri için uygulama/emlak-studiom v7-0/core/utils.js","DOKUNMA","HTML dosyaları (app.html vb.) tarafından doğrudan çağrılıyor"
"C:/Users/Hatemi/Desktop/emlak düzenlemeleri için uygulama/emlak-studiom v7-0/css/landing.css","DOKUNMA","HTML dosyaları (app.html vb.) tarafından doğrudan çağrılıyor"
"C:/Users/Hatemi/Desktop/emlak düzenlemeleri için uygulama/emlak-studiom v7-0/css/README.md","BEKLET","Dokümantasyon/Rapor dosyası"
"C:/Users/Hatemi/Desktop/emlak düzenlemeleri için uygulama/emlak-studiom v7-0/eski_scripts_yedek/auth.js_1784841947910","DOKUNMA","HTML dosyaları (app.html vb.) tarafından doğrudan çağrılıyor"
"C:/Users/Hatemi/Desktop/emlak düzenlemeleri için uygulama/emlak-studiom v7-0/eski_scripts_yedek/cache_buster.py","DOKUNMA","HTML dosyaları (app.html vb.) tarafından doğrudan çağrılıyor"
"C:/Users/Hatemi/Desktop/emlak düzenlemeleri için uygulama/emlak-studiom v7-0/eski_scripts_yedek/cache_buster_index.py","DOKUNMA","HTML dosyaları (app.html vb.) tarafından doğrudan çağrılıyor"
"C:/Users/Hatemi/Desktop/emlak düzenlemeleri için uygulama/emlak-studiom v7-0/eski_scripts_yedek/extract.py","DOKUNMA","HTML dosyaları (app.html vb.) tarafından doğrudan çağrılıyor"
"C:/Users/Hatemi/Desktop/emlak düzenlemeleri için uygulama/emlak-studiom v7-0/eski_scripts_yedek/extract2.py","DOKUNMA","HTML dosyaları (app.html vb.) tarafından doğrudan çağrılıyor"
"C:/Users/Hatemi/Desktop/emlak düzenlemeleri için uygulama/emlak-studiom v7-0/eski_scripts_yedek/extract_core.py","DOKUNMA","HTML dosyaları (app.html vb.) tarafından doğrudan çağrılıyor"
"C:/Users/Hatemi/Desktop/emlak düzenlemeleri için uygulama/emlak-studiom v7-0/eski_scripts_yedek/extract_drag.py","DOKUNMA","HTML dosyaları (app.html vb.) tarafından doğrudan çağrılıyor"
"C:/Users/Hatemi/Desktop/emlak düzenlemeleri için uygulama/emlak-studiom v7-0/eski_scripts_yedek/extract_draw.py","DOKUNMA","HTML dosyaları (app.html vb.) tarafından doğrudan çağrılıyor"
"C:/Users/Hatemi/Desktop/emlak düzenlemeleri için uygulama/emlak-studiom v7-0/eski_scripts_yedek/fix.py","BEKLET","Geliştirme/Yedek/Test dosyası (isminde System.Collections.Hashtable[1] geçiyor)"
"C:/Users/Hatemi/Desktop/emlak düzenlemeleri için uygulama/emlak-studiom v7-0/eski_scripts_yedek/fix_bg_color.py","BEKLET","Geliştirme/Yedek/Test dosyası (isminde System.Collections.Hashtable[1] geçiyor)"
"C:/Users/Hatemi/Desktop/emlak düzenlemeleri için uygulama/emlak-studiom v7-0/eski_scripts_yedek/inline_js.py","DOKUNMA","HTML dosyaları (app.html vb.) tarafından doğrudan çağrılıyor"
"C:/Users/Hatemi/Desktop/emlak düzenlemeleri için uygulama/emlak-studiom v7-0/eski_scripts_yedek/main.js_1784841947903","DOKUNMA","HTML dosyaları (app.html vb.) tarafından doğrudan çağrılıyor"
"C:/Users/Hatemi/Desktop/emlak düzenlemeleri için uygulama/emlak-studiom v7-0/eski_scripts_yedek/patch_clean.py","BEKLET","Geliştirme/Yedek/Test dosyası (isminde System.Collections.Hashtable[1] geçiyor)"
"C:/Users/Hatemi/Desktop/emlak düzenlemeleri için uygulama/emlak-studiom v7-0/eski_scripts_yedek/patch_drag.py","BEKLET","Geliştirme/Yedek/Test dosyası (isminde System.Collections.Hashtable[1] geçiyor)"
"C:/Users/Hatemi/Desktop/emlak düzenlemeleri için uygulama/emlak-studiom v7-0/eski_scripts_yedek/patch_photo_state.py","BEKLET","Geliştirme/Yedek/Test dosyası (isminde System.Collections.Hashtable[1] geçiyor)"
"C:/Users/Hatemi/Desktop/emlak düzenlemeleri için uygulama/emlak-studiom v7-0/eski_scripts_yedek/patch_polygon_doubleclick.py","BEKLET","Geliştirme/Yedek/Test dosyası (isminde System.Collections.Hashtable[1] geçiyor)"
"C:/Users/Hatemi/Desktop/emlak düzenlemeleri için uygulama/emlak-studiom v7-0/eski_scripts_yedek/patch_pro_snapping.py","BEKLET","Geliştirme/Yedek/Test dosyası (isminde System.Collections.Hashtable[1] geçiyor)"
"C:/Users/Hatemi/Desktop/emlak düzenlemeleri için uygulama/emlak-studiom v7-0/eski_scripts_yedek/patch_scale_factor.py","BEKLET","Geliştirme/Yedek/Test dosyası (isminde System.Collections.Hashtable[1] geçiyor)"
"C:/Users/Hatemi/Desktop/emlak düzenlemeleri için uygulama/emlak-studiom v7-0/eski_scripts_yedek/patch_snap_core.py","BEKLET","Geliştirme/Yedek/Test dosyası (isminde System.Collections.Hashtable[1] geçiyor)"
"C:/Users/Hatemi/Desktop/emlak düzenlemeleri için uygulama/emlak-studiom v7-0/eski_scripts_yedek/patch_vertex_touch.py","BEKLET","Geliştirme/Yedek/Test dosyası (isminde System.Collections.Hashtable[1] geçiyor)"
"C:/Users/Hatemi/Desktop/emlak düzenlemeleri için uygulama/emlak-studiom v7-0/eski_scripts_yedek/recover_core.py","DOKUNMA","HTML dosyaları (app.html vb.) tarafından doğrudan çağrılıyor"
"C:/Users/Hatemi/Desktop/emlak düzenlemeleri için uygulama/emlak-studiom v7-0/eski_scripts_yedek/recover_drag.py","DOKUNMA","HTML dosyaları (app.html vb.) tarafından doğrudan çağrılıyor"
"C:/Users/Hatemi/Desktop/emlak düzenlemeleri için uygulama/emlak-studiom v7-0/eski_scripts_yedek/recover_draw.py","DOKUNMA","HTML dosyaları (app.html vb.) tarafından doğrudan çağrılıyor"
"C:/Users/Hatemi/Desktop/emlak düzenlemeleri için uygulama/emlak-studiom v7-0/eski_scripts_yedek/search_transcript.py","DOKUNMA","HTML dosyaları (app.html vb.) tarafından doğrudan çağrılıyor"
"C:/Users/Hatemi/Desktop/emlak düzenlemeleri için uygulama/emlak-studiom v7-0/js/auth.js","DOKUNMA","HTML dosyaları (app.html vb.) tarafından doğrudan çağrılıyor"
"C:/Users/Hatemi/Desktop/emlak düzenlemeleri için uygulama/emlak-studiom v7-0/js/autoSave.js","DOKUNMA","HTML dosyaları (app.html vb.) tarafından doğrudan çağrılıyor"
"C:/Users/Hatemi/Desktop/emlak düzenlemeleri için uygulama/emlak-studiom v7-0/js/brandManager.js","DOKUNMA","HTML dosyaları (app.html vb.) tarafından doğrudan çağrılıyor"
"C:/Users/Hatemi/Desktop/emlak düzenlemeleri için uygulama/emlak-studiom v7-0/js/filter.config.js","DOKUNMA","HTML dosyaları (app.html vb.) tarafından doğrudan çağrılıyor"
"C:/Users/Hatemi/Desktop/emlak düzenlemeleri için uygulama/emlak-studiom v7-0/js/fonts.config.js","DOKUNMA","HTML dosyaları (app.html vb.) tarafından doğrudan çağrılıyor"
"C:/Users/Hatemi/Desktop/emlak düzenlemeleri için uygulama/emlak-studiom v7-0/js/formConfig.js","DOKUNMA","HTML dosyaları (app.html vb.) tarafından doğrudan çağrılıyor"
"C:/Users/Hatemi/Desktop/emlak düzenlemeleri için uygulama/emlak-studiom v7-0/js/layers-panel.js","DOKUNMA","HTML dosyaları (app.html vb.) tarafından doğrudan çağrılıyor"
"C:/Users/Hatemi/Desktop/emlak düzenlemeleri için uygulama/emlak-studiom v7-0/js/mode-manager.js","DOKUNMA","HTML dosyaları (app.html vb.) tarafından doğrudan çağrılıyor"
"C:/Users/Hatemi/Desktop/emlak düzenlemeleri için uygulama/emlak-studiom v7-0/js/saber-animation.js","DOKUNMA","HTML dosyaları (app.html vb.) tarafından doğrudan çağrılıyor"
"C:/Users/Hatemi/Desktop/emlak düzenlemeleri için uygulama/emlak-studiom v7-0/js/searchManager.js","DOKUNMA","HTML dosyaları (app.html vb.) tarafından doğrudan çağrılıyor"
"C:/Users/Hatemi/Desktop/emlak düzenlemeleri için uygulama/emlak-studiom v7-0/js/supabase-client.js","DOKUNMA","HTML dosyaları (app.html vb.) tarafından doğrudan çağrılıyor"
"C:/Users/Hatemi/Desktop/emlak düzenlemeleri için uygulama/emlak-studiom v7-0/js/templateManager.js","BEKLET","Geliştirme/Yedek/Test dosyası (isminde System.Collections.Hashtable[1] geçiyor)"
"C:/Users/Hatemi/Desktop/emlak düzenlemeleri için uygulama/emlak-studiom v7-0/js/modules/layer-panel-v2.js","DOKUNMA","HTML dosyaları (app.html vb.) tarafından doğrudan çağrılıyor"
"C:/Users/Hatemi/Desktop/emlak düzenlemeleri için uygulama/emlak-studiom v7-0/js/modules/layers.js","DOKUNMA","HTML dosyaları (app.html vb.) tarafından doğrudan çağrılıyor"
"C:/Users/Hatemi/Desktop/emlak düzenlemeleri için uygulama/emlak-studiom v7-0/js/modules/qrManager.js","DOKUNMA","HTML dosyaları (app.html vb.) tarafından doğrudan çağrılıyor"
"C:/Users/Hatemi/Desktop/emlak düzenlemeleri için uygulama/emlak-studiom v7-0/modules/callouts-library-core.js","DOKUNMA","HTML dosyaları (app.html vb.) tarafından doğrudan çağrılıyor"
"C:/Users/Hatemi/Desktop/emlak düzenlemeleri için uygulama/emlak-studiom v7-0/modules/callouts-library-extra.js","DOKUNMA","HTML dosyaları (app.html vb.) tarafından doğrudan çağrılıyor"
"C:/Users/Hatemi/Desktop/emlak düzenlemeleri için uygulama/emlak-studiom v7-0/modules/callout_v2.js","DOKUNMA","HTML dosyaları (app.html vb.) tarafından doğrudan çağrılıyor"
"C:/Users/Hatemi/Desktop/emlak düzenlemeleri için uygulama/emlak-studiom v7-0/modules/canvas-core.js","DOKUNMA","HTML dosyaları (app.html vb.) tarafından doğrudan çağrılıyor"
"C:/Users/Hatemi/Desktop/emlak düzenlemeleri için uygulama/emlak-studiom v7-0/modules/colors.js","DOKUNMA","HTML dosyaları (app.html vb.) tarafından doğrudan çağrılıyor"
"C:/Users/Hatemi/Desktop/emlak düzenlemeleri için uygulama/emlak-studiom v7-0/modules/draw.js","DOKUNMA","HTML dosyaları (app.html vb.) tarafından doğrudan çağrılıyor"
"C:/Users/Hatemi/Desktop/emlak düzenlemeleri için uygulama/emlak-studiom v7-0/modules/events.js","DOKUNMA","HTML dosyaları (app.html vb.) tarafından doğrudan çağrılıyor"
"C:/Users/Hatemi/Desktop/emlak düzenlemeleri için uygulama/emlak-studiom v7-0/modules/export-part1.js","DOKUNMA","HTML dosyaları (app.html vb.) tarafından doğrudan çağrılıyor"
"C:/Users/Hatemi/Desktop/emlak düzenlemeleri için uygulama/emlak-studiom v7-0/modules/export.js","DOKUNMA","HTML dosyaları (app.html vb.) tarafından doğrudan çağrılıyor"
"C:/Users/Hatemi/Desktop/emlak düzenlemeleri için uygulama/emlak-studiom v7-0/modules/icon-library.js","DOKUNMA","HTML dosyaları (app.html vb.) tarafından doğrudan çağrılıyor"
"C:/Users/Hatemi/Desktop/emlak düzenlemeleri için uygulama/emlak-studiom v7-0/modules/layers.js","DOKUNMA","HTML dosyaları (app.html vb.) tarafından doğrudan çağrılıyor"
"C:/Users/Hatemi/Desktop/emlak düzenlemeleri için uygulama/emlak-studiom v7-0/modules/multi-select.js","DOKUNMA","HTML dosyaları (app.html vb.) tarafından doğrudan çağrılıyor"
"C:/Users/Hatemi/Desktop/emlak düzenlemeleri için uygulama/emlak-studiom v7-0/modules/photo-zoom.js","DOKUNMA","HTML dosyaları (app.html vb.) tarafından doğrudan çağrılıyor"
"C:/Users/Hatemi/Desktop/emlak düzenlemeleri için uygulama/emlak-studiom v7-0/modules/photo.js","DOKUNMA","HTML dosyaları (app.html vb.) tarafından doğrudan çağrılıyor"
"C:/Users/Hatemi/Desktop/emlak düzenlemeleri için uygulama/emlak-studiom v7-0/modules/polygon.js","DOKUNMA","HTML dosyaları (app.html vb.) tarafından doğrudan çağrılıyor"
"C:/Users/Hatemi/Desktop/emlak düzenlemeleri için uygulama/emlak-studiom v7-0/modules/README.md","BEKLET","Dokümantasyon/Rapor dosyası"
"C:/Users/Hatemi/Desktop/emlak düzenlemeleri için uygulama/emlak-studiom v7-0/modules/saber.js","DOKUNMA","HTML dosyaları (app.html vb.) tarafından doğrudan çağrılıyor"
"C:/Users/Hatemi/Desktop/emlak düzenlemeleri için uygulama/emlak-studiom v7-0/modules/snap.js","DOKUNMA","HTML dosyaları (app.html vb.) tarafından doğrudan çağrılıyor"
"C:/Users/Hatemi/Desktop/emlak düzenlemeleri için uygulama/emlak-studiom v7-0/modules/state.js","DOKUNMA","HTML dosyaları (app.html vb.) tarafından doğrudan çağrılıyor"
"C:/Users/Hatemi/Desktop/emlak düzenlemeleri için uygulama/emlak-studiom v7-0/modules/templates-core.js","BEKLET","Geliştirme/Yedek/Test dosyası (isminde System.Collections.Hashtable[1] geçiyor)"
"C:/Users/Hatemi/Desktop/emlak düzenlemeleri için uygulama/emlak-studiom v7-0/modules/ui-core.js","DOKUNMA","HTML dosyaları (app.html vb.) tarafından doğrudan çağrılıyor"
"C:/Users/Hatemi/Desktop/emlak düzenlemeleri için uygulama/emlak-studiom v7-0/tpl_dinamik/dinamik.js","DOKUNMA","HTML dosyaları (app.html vb.) tarafından doğrudan çağrılıyor"
"C:/Users/Hatemi/Desktop/emlak düzenlemeleri için uygulama/emlak-studiom v7-0/tpl_elit/elit.js","DOKUNMA","HTML dosyaları (app.html vb.) tarafından doğrudan çağrılıyor"
"C:/Users/Hatemi/Desktop/emlak düzenlemeleri için uygulama/emlak-studiom v7-0/tpl_klasik/klasik.js","DOKUNMA","HTML dosyaları (app.html vb.) tarafından doğrudan çağrılıyor"
"C:/Users/Hatemi/Desktop/emlak düzenlemeleri için uygulama/emlak-studiom v7-0/tpl_kolaj/kolaj.js","DOKUNMA","HTML dosyaları (app.html vb.) tarafından doğrudan çağrılıyor"
"C:/Users/Hatemi/Desktop/emlak düzenlemeleri için uygulama/emlak-studiom v7-0/tpl_kurumsal/kurumsal.js","DOKUNMA","HTML dosyaları (app.html vb.) tarafından doğrudan çağrılıyor"
"C:/Users/Hatemi/Desktop/emlak düzenlemeleri için uygulama/emlak-studiom v7-0/tpl_luks/luks.js","DOKUNMA","HTML dosyaları (app.html vb.) tarafından doğrudan çağrılıyor"
"C:/Users/Hatemi/Desktop/emlak düzenlemeleri için uygulama/emlak-studiom v7-0/tpl_minimal/minimal.js","DOKUNMA","HTML dosyaları (app.html vb.) tarafından doğrudan çağrılıyor"
"C:/Users/Hatemi/Desktop/emlak düzenlemeleri için uygulama/emlak-studiom v7-0/tpl_ozel/ozel.js","DOKUNMA","HTML dosyaları (app.html vb.) tarafından doğrudan çağrılıyor"
"C:/Users/Hatemi/Desktop/emlak düzenlemeleri için uygulama/emlak-studiom v7-0/tpl_portfoy/portfoy.js","DOKUNMA","HTML dosyaları (app.html vb.) tarafından doğrudan çağrılıyor"
"C:/Users/Hatemi/Desktop/emlak düzenlemeleri için uygulama/emlak-studiom v7-0/tpl_sosyal/sosyal.js","DOKUNMA","HTML dosyaları (app.html vb.) tarafından doğrudan çağrılıyor"
"C:/Users/Hatemi/Desktop/emlak düzenlemeleri için uygulama/emlak-studiom v7-0/ui/element.js","DOKUNMA","HTML dosyaları (app.html vb.) tarafından doğrudan çağrılıyor"
"C:/Users/Hatemi/Desktop/emlak düzenlemeleri için uygulama/emlak-studiom v7-0/ui/fonts.js","DOKUNMA","HTML dosyaları (app.html vb.) tarafından doğrudan çağrılıyor"
"C:/Users/Hatemi/Desktop/emlak düzenlemeleri için uygulama/emlak-studiom v7-0/ui/icons.js","DOKUNMA","HTML dosyaları (app.html vb.) tarafından doğrudan çağrılıyor"
"C:/Users/Hatemi/Desktop/emlak düzenlemeleri için uygulama/emlak-studiom v7-0/ui/pwa-install.js","DOKUNMA","HTML dosyaları (app.html vb.) tarafından doğrudan çağrılıyor"
"C:/Users/Hatemi/Desktop/emlak düzenlemeleri için uygulama/emlak-studiom v7-0/ui/README.md","BEKLET","Dokümantasyon/Rapor dosyası"
"C:/Users/Hatemi/Desktop/emlak düzenlemeleri için uygulama/emlak-studiom v7-0/ui/saber-ui.js","DOKUNMA","HTML dosyaları (app.html vb.) tarafından doğrudan çağrılıyor"
"C:/Users/Hatemi/Desktop/emlak düzenlemeleri için uygulama/emlak-studiom v7-0/ui/templateColors.js","BEKLET","Geliştirme/Yedek/Test dosyası (isminde System.Collections.Hashtable[1] geçiyor)"
"C:/Users/Hatemi/Desktop/emlak düzenlemeleri için uygulama/emlak-studiom v7-0/_archive/fix_export.js","BEKLET","Geliştirme/Yedek/Test dosyası (isminde System.Collections.Hashtable[1] geçiyor)"
"C:/Users/Hatemi/Desktop/emlak düzenlemeleri için uygulama/emlak-studiom v7-0/_archive/fix_export.py","BEKLET","Geliştirme/Yedek/Test dosyası (isminde System.Collections.Hashtable[1] geçiyor)"
"C:/Users/Hatemi/Desktop/emlak düzenlemeleri için uygulama/emlak-studiom v7-0/_archive/fix_export2.js","BEKLET","Geliştirme/Yedek/Test dosyası (isminde System.Collections.Hashtable[1] geçiyor)"
"C:/Users/Hatemi/Desktop/emlak düzenlemeleri için uygulama/emlak-studiom v7-0/_archive/fix_export3.js","BEKLET","Geliştirme/Yedek/Test dosyası (isminde System.Collections.Hashtable[1] geçiyor)"
"C:/Users/Hatemi/Desktop/emlak düzenlemeleri için uygulama/emlak-studiom v7-0/_archive/fix_export4.js","BEKLET","Geliştirme/Yedek/Test dosyası (isminde System.Collections.Hashtable[1] geçiyor)"
"C:/Users/Hatemi/Desktop/emlak düzenlemeleri için uygulama/emlak-studiom v7-0/_archive/fix_export_blur.py","BEKLET","Geliştirme/Yedek/Test dosyası (isminde System.Collections.Hashtable[1] geçiyor)"
"C:/Users/Hatemi/Desktop/emlak düzenlemeleri için uygulama/emlak-studiom v7-0/_archive/fix_export_canvas.js","BEKLET","Geliştirme/Yedek/Test dosyası (isminde System.Collections.Hashtable[1] geçiyor)"
"C:/Users/Hatemi/Desktop/emlak düzenlemeleri için uygulama/emlak-studiom v7-0/_archive/fix_export_canvas.py","BEKLET","Geliştirme/Yedek/Test dosyası (isminde System.Collections.Hashtable[1] geçiyor)"
"C:/Users/Hatemi/Desktop/emlak düzenlemeleri için uygulama/emlak-studiom v7-0/_archive/fix_export_canvas_absolute.js","BEKLET","Geliştirme/Yedek/Test dosyası (isminde System.Collections.Hashtable[1] geçiyor)"
"C:/Users/Hatemi/Desktop/emlak düzenlemeleri için uygulama/emlak-studiom v7-0/_archive/fix_export_canvas_final.js","BEKLET","Geliştirme/Yedek/Test dosyası (isminde System.Collections.Hashtable[1] geçiyor)"
"C:/Users/Hatemi/Desktop/emlak düzenlemeleri için uygulama/emlak-studiom v7-0/_archive/fix_export_canvas_retry.js","BEKLET","Geliştirme/Yedek/Test dosyası (isminde System.Collections.Hashtable[1] geçiyor)"
"C:/Users/Hatemi/Desktop/emlak düzenlemeleri için uygulama/emlak-studiom v7-0/_archive/fix_export_img_manual.js","BEKLET","Geliştirme/Yedek/Test dosyası (isminde System.Collections.Hashtable[1] geçiyor)"
"C:/Users/Hatemi/Desktop/emlak düzenlemeleri için uygulama/emlak-studiom v7-0/_archive/patch_batch.js","BEKLET","Geliştirme/Yedek/Test dosyası (isminde System.Collections.Hashtable[1] geçiyor)"
"C:/Users/Hatemi/Desktop/emlak düzenlemeleri için uygulama/emlak-studiom v7-0/_archive/patch_clean.js","BEKLET","Geliştirme/Yedek/Test dosyası (isminde System.Collections.Hashtable[1] geçiyor)"
"C:/Users/Hatemi/Desktop/emlak düzenlemeleri için uygulama/emlak-studiom v7-0/_archive/patch_clean2.js","BEKLET","Geliştirme/Yedek/Test dosyası (isminde System.Collections.Hashtable[1] geçiyor)"
"C:/Users/Hatemi/Desktop/emlak düzenlemeleri için uygulama/emlak-studiom v7-0/_archive/patch_clean3.js","BEKLET","Geliştirme/Yedek/Test dosyası (isminde System.Collections.Hashtable[1] geçiyor)"
"C:/Users/Hatemi/Desktop/emlak düzenlemeleri için uygulama/emlak-studiom v7-0/_archive/patch_clean4.js","BEKLET","Geliştirme/Yedek/Test dosyası (isminde System.Collections.Hashtable[1] geçiyor)"
"C:/Users/Hatemi/Desktop/emlak düzenlemeleri için uygulama/emlak-studiom v7-0/_archive/patch_clean5.js","BEKLET","Geliştirme/Yedek/Test dosyası (isminde System.Collections.Hashtable[1] geçiyor)"
"C:/Users/Hatemi/Desktop/emlak düzenlemeleri için uygulama/emlak-studiom v7-0/_archive/patch_clean7.js","BEKLET","Geliştirme/Yedek/Test dosyası (isminde System.Collections.Hashtable[1] geçiyor)"
"C:/Users/Hatemi/Desktop/emlak düzenlemeleri için uygulama/emlak-studiom v7-0/_archive/patch_diag.js","BEKLET","Geliştirme/Yedek/Test dosyası (isminde System.Collections.Hashtable[1] geçiyor)"
"C:/Users/Hatemi/Desktop/emlak düzenlemeleri için uygulama/emlak-studiom v7-0/_archive/patch_final.js","BEKLET","Geliştirme/Yedek/Test dosyası (isminde System.Collections.Hashtable[1] geçiyor)"
"C:/Users/Hatemi/Desktop/emlak düzenlemeleri için uygulama/emlak-studiom v7-0/_archive/patch_final2.js","BEKLET","Geliştirme/Yedek/Test dosyası (isminde System.Collections.Hashtable[1] geçiyor)"
"C:/Users/Hatemi/Desktop/emlak düzenlemeleri için uygulama/emlak-studiom v7-0/_archive/patch_final3.js","BEKLET","Geliştirme/Yedek/Test dosyası (isminde System.Collections.Hashtable[1] geçiyor)"
"C:/Users/Hatemi/Desktop/emlak düzenlemeleri için uygulama/emlak-studiom v7-0/_archive/patch_final4.js","BEKLET","Geliştirme/Yedek/Test dosyası (isminde System.Collections.Hashtable[1] geçiyor)"
"C:/Users/Hatemi/Desktop/emlak düzenlemeleri için uygulama/emlak-studiom v7-0/_archive/patch_final5.js","BEKLET","Geliştirme/Yedek/Test dosyası (isminde System.Collections.Hashtable[1] geçiyor)"
"C:/Users/Hatemi/Desktop/emlak düzenlemeleri için uygulama/emlak-studiom v7-0/_archive/patch_final6.js","BEKLET","Geliştirme/Yedek/Test dosyası (isminde System.Collections.Hashtable[1] geçiyor)"
"C:/Users/Hatemi/Desktop/emlak düzenlemeleri için uygulama/emlak-studiom v7-0/_archive/patch_final7.js","BEKLET","Geliştirme/Yedek/Test dosyası (isminde System.Collections.Hashtable[1] geçiyor)"
"C:/Users/Hatemi/Desktop/emlak düzenlemeleri için uygulama/emlak-studiom v7-0/_archive/patch_hide.js","BEKLET","Geliştirme/Yedek/Test dosyası (isminde System.Collections.Hashtable[1] geçiyor)"
"C:/Users/Hatemi/Desktop/emlak düzenlemeleri için uygulama/emlak-studiom v7-0/_archive/patch_hq.js","BEKLET","Geliştirme/Yedek/Test dosyası (isminde System.Collections.Hashtable[1] geçiyor)"
"C:/Users/Hatemi/Desktop/emlak düzenlemeleri için uygulama/emlak-studiom v7-0/_archive/patch_new.js","BEKLET","Geliştirme/Yedek/Test dosyası (isminde System.Collections.Hashtable[1] geçiyor)"
"C:/Users/Hatemi/Desktop/emlak düzenlemeleri için uygulama/emlak-studiom v7-0/_archive/patch_photo.js","BEKLET","Geliştirme/Yedek/Test dosyası (isminde System.Collections.Hashtable[1] geçiyor)"
"C:/Users/Hatemi/Desktop/emlak düzenlemeleri için uygulama/emlak-studiom v7-0/_archive/patch_quality.js","BEKLET","Geliştirme/Yedek/Test dosyası (isminde System.Collections.Hashtable[1] geçiyor)"
"C:/Users/Hatemi/Desktop/emlak düzenlemeleri için uygulama/emlak-studiom v7-0/_archive/patch_regex.js","BEKLET","Geliştirme/Yedek/Test dosyası (isminde System.Collections.Hashtable[1] geçiyor)"
"C:/Users/Hatemi/Desktop/emlak düzenlemeleri için uygulama/emlak-studiom v7-0/_archive/patch_scale.js","BEKLET","Geliştirme/Yedek/Test dosyası (isminde System.Collections.Hashtable[1] geçiyor)"
"C:/Users/Hatemi/Desktop/emlak düzenlemeleri için uygulama/emlak-studiom v7-0/_archive/patch_script.js","BEKLET","Geliştirme/Yedek/Test dosyası (isminde System.Collections.Hashtable[1] geçiyor)"
"C:/Users/Hatemi/Desktop/emlak düzenlemeleri için uygulama/emlak-studiom v7-0/_archive/patch_sync.js","BEKLET","Geliştirme/Yedek/Test dosyası (isminde System.Collections.Hashtable[1] geçiyor)"
"C:/Users/Hatemi/Desktop/emlak düzenlemeleri için uygulama/emlak-studiom v7-0/_archive/patch_ultimate.js","BEKLET","Geliştirme/Yedek/Test dosyası (isminde System.Collections.Hashtable[1] geçiyor)"
